id,obs_time,A_mean_10_days,A_not_null_count_10_days,A_mean_60_days,A_not_null_count_60_days,B_mean_10_days,B_not_null_count_10_days,B_mean_60_days,B_not_null_count_60_days
1,2019/2/1 0:00,3.797676374,1.0,5.157185032,2,6.29508925,2.0,5.837555011333333,3
1,2019/3/7 0:00,,,4.313875514333334,3,,,5.837555011333333,3
2,2019/2/1 0:00,3.629338202,1.0,3.629338202,1,1.529292429,1.0,3.989297102,2
2,2019/3/15 0:00,,,4.760494581333333,3,,,3.532162222666667,3
